timestamp,cpu_usage_list,mem_usage_percent_list,disk_read_list,disk_write_list,net_in_list,net_out_list,resource_id
1753863343,56.99,16.12,319.83,447.17,832.27,45.34,vm-16
1753863283,42.5,67.51,438.37,337.64,764.54,535.57,vm-10
1753863223,16.92,71.67,457.26,366.41,737.95,158.88,vm-8
1753863163,9.68,80.14,145.71,235.61,910.63,69.1,vm-22
1753863103,23.34,34.91,331.14,137.27,591.52,860.21,vm-18
1753863043,8.42,40.71,242.2,227.4,60.59,519.67,vm-2
1753862983,39.02,28.76,294.15,468.29,714.02,821.95,vm-17
1753862923,87,59.91,319.66,135.13,713.3,644.86,vm-4
1753862863,14.44,62.8,44.27,216.88,77.38,126.55,vm-45
1753862803,74.35,87.66,342.45,406.44,597.47,579.38,vm-14
1753862743,93.6,12.33,234.95,13.78,805.73,922.34,vm-16
1753862683,43.59,56.83,466.98,495.72,820.99,419.86,vm-5
1753862623,34.08,35.45,313.45,256.49,557.39,86.91,vm-4
1753862563,45.16,74.91,256.52,371.31,372.52,343.26,vm-30
1753862503,41.17,57.1,63.67,59.95,917,59.74,vm-40
1753862443,34.19,46.02,99.58,440.9,319.68,124.71,vm-44
1753862383,45.9,88.12,487.57,119.38,452.3,37.76,vm-39
1753862323,55.41,30.77,267.82,346.17,455.6,902.64,vm-1
1753862263,72.85,46.33,25.04,13.63,306.58,393.43,vm-31
1753862203,28.24,43.72,119.82,384.57,807.65,642.22,vm-2
1753862143,80.84,84.41,456.81,236.42,437.73,394.73,vm-33
1753862083,18.4,36.81,237.81,204.8,452.66,977.04,vm-19
1753862023,45.9,27.04,64.37,154.44,158.38,243.98,vm-34
1753861963,25.49,84.34,272.3,139.26,110.4,177.15,vm-27
1753861903,27.4,25.99,0.16,233.05,94.9,970.86,vm-37
1753861843,48.61,29.03,144.9,447.48,236.78,375.97,vm-22
1753861783,74.06,14.63,413,242.05,378.63,19.56,vm-2
1753861723,19.6,82.1,98.52,314.76,371.03,802.9,vm-28
1753861663,67.42,38.07,24.92,257.5,996.07,635.22,vm-32
1753861603,68.91,19.35,200.42,440.84,238.87,58.72,vm-13
1753861543,42.67,45.6,260.72,461.07,8.8,531.97,vm-29
1753861483,86.41,60.99,399.35,9.59,735.71,112.69,vm-18
1753861423,93.71,33.5,307.72,284.82,179.44,44.66,vm-40
1753861363,9.36,83.18,55.48,97.75,388.84,931.32,vm-21
1753861303,54.95,27.08,86.74,53.57,749.34,881.94,vm-9
1753861243,23.68,81.34,200.22,158.75,789.7,254.93,vm-5
1753861183,23.52,21.05,469.51,316.6,469.85,264.09,vm-30
1753861123,62.31,24.43,117.19,4.48,781.96,426.95,vm-4
1753861063,76.52,87.85,82.7,214.96,950.22,949.04,vm-37
1753861003,89.93,88.94,431,40.13,166.75,598.82,vm-30
1753860943,49.83,25.51,41.43,280.7,392.02,364.43,vm-7
1753860883,63.94,89.42,389.46,148.64,210.02,85.82,vm-4
1753860823,47.29,15.74,165.68,56.29,256.31,860.56,vm-29
1753860763,89.68,43.57,448.18,66.13,120.39,48.89,vm-9
1753860703,12.62,33.95,116.23,343.13,697.29,771.64,vm-46
1753860643,13.55,26.55,316.51,473.43,538.01,592.68,vm-49
1753860583,39.95,67.34,242.82,148.87,770.24,898.38,vm-28
1753860523,31.81,72.04,327.52,458.24,372.93,598.68,vm-31
1753860463,15.52,13.29,212.92,118.73,30.98,496.95,vm-11
1753860403,64.66,55.11,52.56,484.83,681.32,718,vm-13
1753860343,41.06,51.28,3.96,330,37.24,428.09,vm-32
1753860283,59,74.96,366.58,44.26,376.68,699.13,vm-26
1753860223,5.05,20.87,58.26,7.59,774.7,12.45,vm-48
1753860163,7.07,59.06,270.9,371.42,364.68,209.26,vm-40
1753860103,83.08,42.12,208.85,122.02,980.21,31.32,vm-1
1753860043,76.22,87.31,221.84,169.57,475.79,665.35,vm-24
1753859983,31.37,36.05,319.83,129.53,629.78,499.34,vm-19
1753859923,45.47,54.99,335.67,1.65,502.29,789.31,vm-48
1753859863,34.07,89.04,359.78,311.29,261.19,83.46,vm-40
1753859803,72.83,41.5,290.69,342.91,367.68,554.08,vm-38
1753859743,29.87,37.56,449.8,305.07,778.02,739.62,vm-36
1753859683,67.41,80.84,135.45,245.7,990.97,73.56,vm-49
1753859623,49.51,32.32,113.64,231.42,769.91,146.92,vm-50
1753859563,31.75,49.49,422.67,372.61,717.69,385.79,vm-7
1753859503,92.84,63.58,7.46,62.03,349.82,216.26,vm-19
1753859443,81.84,76.26,482.31,58.13,248.73,629.88,vm-5
1753859383,15.07,24.72,381.5,431.09,487.17,74.88,vm-3
1753859323,87.5,72.9,163.87,436.64,529.68,998.66,vm-14
1753859263,88.33,16.17,205.41,241.19,401.39,959.74,vm-28
1753859203,21.86,37.84,395.41,377.81,878.02,852.32,vm-29
1753859143,75.87,41.66,67.42,279.83,473.57,172.97,vm-18
1753859083,25.91,36.76,2.95,18.91,918.87,698.45,vm-19
1753859023,73.09,38.63,285.33,237.43,557.38,255.27,vm-14
1753858963,62.49,81.23,213.29,47.8,931.61,422.78,vm-14
1753858903,77.63,48.11,106.22,22.62,524.1,988.55,vm-8
1753858843,66.1,86.31,395.02,262.21,590.74,995.4,vm-6
1753858783,34.14,36,64.1,28.31,936.65,707.11,vm-7
1753858723,23.48,33.63,272.33,371.66,752.07,86.46,vm-31
1753858663,45.43,86.04,24.82,354.39,198.43,349.7,vm-50
1753858603,11.26,50.03,44.1,340.9,147.01,617.64,vm-6
1753858543,58.07,54.21,172.14,152.17,106.1,675.99,vm-32
1753858483,93.91,37.29,2.99,318.85,828.37,864.82,vm-38
1753858423,17.59,78.12,482.94,7.58,362.56,105.26,vm-48
1753858363,83.59,12.19,151.87,230.91,585.45,26.49,vm-40
1753858303,36.61,43.98,28.04,408.31,256.39,883.33,vm-48
1753858243,53.68,39.49,222.22,210.92,611.46,145.58,vm-15
1753858183,48.68,22.45,348.56,487.71,879.09,520.65,vm-27
1753858123,82.35,89.26,107.36,43.77,404.21,248.87,vm-32
1753858063,39.98,21.88,100.11,497.21,51.13,41.16,vm-27
1753858003,15.78,60.24,483.02,419.56,313.98,772.49,vm-18
1753857943,35.4,31.71,426.56,285.94,270.28,73.95,vm-19
1753857883,76.99,53.5,196.93,170.87,595.06,745.37,vm-19
1753857823,53,74.75,493.15,86.86,464.87,794.41,vm-11
1753857763,13.8,68.74,166.38,119.98,243.77,788.33,vm-5
1753857703,65.23,41.37,282.02,291.36,36.59,957.18,vm-43
1753857643,32.33,75.39,198.7,463.1,268.26,610.67,vm-11
1753857583,47.37,15.51,409.48,329.18,981.65,188.86,vm-6
1753857523,73.72,80.78,255,472.5,890.79,893.84,vm-42
1753857463,53.07,42.95,118.97,323.58,641.71,5.42,vm-18
1753857403,30.87,68.9,255.71,237.65,134.14,622.65,vm-33
1753857343,63.37,23.48,475.69,29.4,984.49,868.64,vm-32
1753857283,33.21,24.93,392.04,308.36,755.74,580.71,vm-17
1753857223,85.63,32.76,405.4,269.87,16.83,910.09,vm-24
1753857163,14.82,55.45,37.2,358.06,185.33,606.13,vm-48
1753857103,54.72,52.11,173.31,126.99,348.8,822.36,vm-2
1753857043,73.18,51.76,447.1,14.58,506.42,111.36,vm-32
1753856983,42.08,86.75,256.48,159,221.38,809.83,vm-50
1753856923,7.44,53.43,337.32,105.29,8.25,368.82,vm-47
1753856863,67.61,23.47,164.5,200.37,590.98,261.21,vm-20
1753856803,81.59,22.23,451.16,216.29,647.19,516.47,vm-20
1753856743,5.47,79.87,421.73,80.77,850.53,417.09,vm-11
1753856683,64.83,64.06,75.14,188.01,528.39,111.64,vm-49
1753856623,40.24,74.91,243.02,27.41,616.57,690.87,vm-38
1753856563,39.8,72.44,166.6,186.43,194.82,748.62,vm-21
1753856503,75.72,31.42,136.46,394.65,417.07,424.72,vm-41
1753856443,66.73,64.61,159.2,88.77,53.48,669.55,vm-25
1753856383,38.23,65.05,200.48,202.94,86.11,739.61,vm-1
1753856323,91.37,58.32,245.09,68.14,126.54,620.68,vm-33
1753856263,19.37,57.84,101.37,348.61,764.1,100.94,vm-38
1753856203,54.87,10.05,8.55,244.66,799.17,262.85,vm-41
1753856143,52.24,47.04,454.67,46,967.08,871.89,vm-18
1753856083,43.02,74.44,40.87,482.33,868.62,872.15,vm-36
1753856023,10.65,35.86,460.09,445.2,781.56,487.87,vm-26
1753855963,17.91,12.77,265.41,116.45,794.34,108.38,vm-28
1753855903,51.09,70.55,469.12,354.09,159.99,300.02,vm-9
1753855843,81.57,76.86,17.44,64.53,60.97,990.06,vm-44
1753855783,8.94,83.25,0.41,365.57,846.49,549.53,vm-44
1753855723,81.43,31.96,280.61,140.6,972.16,805.2,vm-28
1753855663,73.75,75.95,188.54,248.98,322.5,317.72,vm-47
1753855603,61.99,86,470.62,440.22,105.16,803.45,vm-37
1753855543,16.9,40.07,472.16,358.42,513.65,546.16,vm-47
1753855483,73.27,75,168.46,65.37,919.34,310.22,vm-35
1753855423,64.54,57.59,453.33,365.23,122.84,731.8,vm-8
1753855363,20.18,88.42,105.04,183.35,665.92,85.46,vm-42
1753855303,21.8,62.94,118.09,297,300.93,805.17,vm-42
1753855243,26.71,55.43,76.98,497.85,792.78,403.29,vm-6
1753855183,12.31,56.1,1.04,287.27,93.54,59.87,vm-31
1753855123,31.6,77.56,489.1,125.58,35.55,835.81,vm-35
1753855063,67.75,19.17,177.75,290.7,715.57,231.82,vm-22
1753855003,89,41.85,260.07,341.62,829.44,758.16,vm-42
1753854943,91.44,43.25,404.66,336.95,159.45,175.75,vm-20
1753854883,44.46,47.86,350.05,418.34,484.39,781.88,vm-39
1753854823,51.65,63.1,68.68,402.16,483.15,68.61,vm-7
1753854763,36.23,64.79,349.05,477.87,180.37,441.7,vm-42
1753854703,59.88,42.68,234.29,286.71,399.42,505.19,vm-3
1753854643,14.35,78.72,91.57,370.85,562.07,901.32,vm-40
1753854583,72.7,88.35,322.68,332.72,184.39,755.9,vm-37
1753854523,47.09,56.23,178.31,356.05,476.66,277.64,vm-39
1753854463,16.1,28.18,399.29,409.56,326.05,4.26,vm-18
1753854403,78.43,58.9,468.84,340.59,254.17,376.19,vm-38
1753854343,40.89,82.98,109.59,1.74,17.75,708.64,vm-25
1753854283,83.36,60.38,4.33,167.37,143.53,642.38,vm-10
1753854223,84.51,82.8,65.62,364.94,789.82,914.61,vm-5
1753854163,44.09,35.18,137.53,445.12,572.74,446.62,vm-41
1753854103,65.13,63.81,6.18,43.71,208.88,641.85,vm-47
1753854043,90.04,30.48,330.25,218.21,669.56,697.93,vm-28
1753853983,89.98,79.19,374.74,210.69,758.9,369.56,vm-3
1753853923,54.28,29.23,137.39,444.83,415.25,646.5,vm-25
1753853863,14.15,46.31,236.6,451.7,202.91,746.66,vm-34
1753853803,72.1,71.64,36.75,389.9,97.83,197.15,vm-43
1753853743,91.23,84.46,407.69,246.14,275.9,242.78,vm-24
1753853683,51.87,45.2,54.99,343.92,499.76,518.79,vm-38
1753853623,45.36,50.61,393.19,193.57,549.98,6.21,vm-36
1753853563,20.47,72.25,493.19,215.71,312.13,726.81,vm-18
1753853503,45.09,39.94,2.08,15.49,780.58,391.04,vm-1
1753853443,24.28,42.91,219.86,427.99,485.43,415.49,vm-36
1753853383,28.88,67.73,463.83,450.49,613.6,635.4,vm-7
1753853323,24.47,55.24,280.23,232.41,194.83,13.69,vm-26
1753853263,12.33,16.1,455.97,491.23,876.91,156.41,vm-6
1753853203,71.14,24.24,466.24,257.03,967.04,510.48,vm-5
1753853143,50.77,73.71,178.07,93.33,745.1,688.64,vm-12
1753853083,79.43,88.52,330.9,401.62,496.1,614.1,vm-41
1753853023,20.83,71.78,166.26,249.58,876.47,577.71,vm-29
1753852963,81.99,21.62,337.76,105.57,230.53,460.18,vm-39
1753852903,82.25,55.49,89.8,222.31,152.54,321,vm-22
1753852843,84.56,49.29,80.62,136.8,622.99,640.64,vm-32
1753852783,89.29,74.1,399.58,297.44,505.84,381.08,vm-8
1753852723,7.34,27.94,351.97,219.24,283.97,514.61,vm-46
1753852663,73.24,84.52,24.32,217.71,397,450.39,vm-20
1753852603,93.18,76.28,128.16,460.76,216.02,950.88,vm-7
1753852543,7.09,79.19,380.51,191.83,853.86,618.49,vm-43
1753852483,74.8,22.79,400.79,129.96,431.63,873.84,vm-35
1753852423,33.3,59.53,416.19,38.16,71.28,59.97,vm-16
1753852363,17.32,11.11,25.87,393.13,167.5,388.7,vm-33
1753852303,68.43,29.01,279.54,424.57,633.59,154.38,vm-27
1753852243,47.22,43,402.45,212.15,197.34,263.13,vm-39
1753852183,14.82,13.26,214.89,496.82,259.25,233.03,vm-37
1753852123,45.8,25.53,177.89,182.32,965.71,768.05,vm-8
1753852063,43.57,21.9,497.42,129.61,704.9,202.18,vm-40
1753852003,10.93,31.93,249.64,155.53,255.26,13.86,vm-4
1753851943,36.35,36.77,61.89,104.1,402.84,590.88,vm-11
1753851883,17.96,12.36,242.41,193.65,478.93,359.26,vm-22
1753851823,31.67,19.06,425.66,448.11,622.44,156.98,vm-15
1753851763,86.15,16.03,163.24,43.23,906.11,732.33,vm-50
1753851703,74.4,65.1,473.6,237.15,712.06,841.84,vm-11
1753851643,36,82.55,325.88,310.07,46.39,5.09,vm-11
1753851583,24.48,61.36,377,37.54,121.11,299.54,vm-16
1753851523,84.15,38.21,465.6,169.59,588.45,90.3,vm-14
1753851463,79.64,24.13,322.54,35.91,336.05,929.01,vm-43
1753851403,77.89,77.46,436.7,230.76,213.22,942.36,vm-14
1753851343,90.34,33.9,270.47,29.21,773.94,171.21,vm-9
1753851283,82.03,20.92,45.11,303.64,44.93,475.77,vm-15
1753851223,93.04,28.15,217.93,128.63,559.2,979.24,vm-9
1753851163,84.81,58.29,5.76,15.05,605.45,458.71,vm-14
1753851103,76.03,22,465.4,470.69,345.86,9.43,vm-12
1753851043,12.55,13.16,192.73,7.02,595.26,490.37,vm-48
1753850983,55.12,46.01,170.93,220.93,790.8,271,vm-36
1753850923,41.51,76.84,42.52,105.58,146.11,525.07,vm-14
1753850863,34.12,64.77,221.3,191.93,848.7,732.62,vm-11
1753850803,60.36,82.19,484.67,30.85,489.49,964.19,vm-4
1753850743,9.39,43.42,84.22,270.98,471.71,769.51,vm-19
1753850683,80.1,41.82,273.58,329.68,453.16,68.53,vm-44
1753850623,33.58,78.73,15.57,495.05,498.06,65.98,vm-34
1753850563,88.32,57.32,484.05,275.14,298.11,782.7,vm-5
1753850503,13.04,57.42,402.04,82.09,535.66,11.05,vm-42
1753850443,39.53,42.14,425.69,398.38,405.58,564.58,vm-37
1753850383,84.89,21.73,184.67,465.97,970.81,961.62,vm-13
1753850323,6.9,75.8,150.34,476.24,614.78,561.94,vm-12
1753850263,30.66,78.82,300.62,151.05,152.21,58.04,vm-45
1753850203,6.92,11.67,242.89,459.33,783.83,871.49,vm-5
1753850143,75.88,60.94,421.21,483.19,752.19,757.55,vm-15
1753850083,94.27,35.87,80.91,286.42,690.83,824.21,vm-26
1753850023,47.9,27.39,9.16,394.08,483.25,294.22,vm-15
1753849963,61.31,71.79,423.89,228.13,902.17,249.45,vm-45
1753849903,68.18,63.11,489.68,114.99,775.03,796.73,vm-12
1753849843,79.84,71.05,13.68,59.37,107.71,429.7,vm-15
1753849783,47.94,37.56,447.92,41.07,767.12,382.54,vm-46
1753849723,90.67,38.99,345.61,322.04,438.38,595.43,vm-2
1753849663,31.99,71.09,120.71,390.25,180.52,573.23,vm-18
1753849603,94.7,30.82,277.4,385.56,81.03,396.89,vm-10
1753849543,10.89,67.37,10.76,119.35,181.86,700.51,vm-19
1753849483,68.57,68.06,200,242.96,376.01,865.12,vm-27
1753849423,36.84,72.65,318.16,348.94,977.16,114.84,vm-32
1753849363,22,26.88,4.75,176.68,560.29,577.29,vm-3
1753849303,54.48,37.3,416.58,232.23,955.7,186.12,vm-48
1753849243,40.4,23.72,7.71,239.6,912.97,876.77,vm-39
1753849183,70.38,59.25,83,126.03,289.71,882.82,vm-50
1753849123,38.54,66.07,19.15,60.14,98.45,665.86,vm-36
1753849063,34.12,38.8,144.79,247.64,666.7,573.06,vm-13
1753849003,51.18,68.39,150.05,402.07,540.09,370.92,vm-45
1753848943,10.47,16.47,75.19,349.23,169.72,556.76,vm-15
1753848883,63.62,36.18,102.56,340,64.09,492.31,vm-11
1753848823,14.43,10.48,127.28,73.22,923.77,415.33,vm-19
1753848763,70.33,70.15,137.66,148.4,467.6,455.99,vm-48
1753848703,50.27,88.35,419.96,116.83,273.3,86.69,vm-19
1753848643,7.5,21.47,295.94,330.85,916.83,651.8,vm-31
1753848583,18.99,15.86,14.39,247.86,289.59,847.32,vm-11
1753848523,37.85,41.99,465.32,96.5,37.78,467.46,vm-34
1753848463,41.82,69.73,455.58,11.52,549.45,546.06,vm-14
1753848403,84.36,34.32,419.91,54.22,795.84,481.01,vm-27
1753848343,74.16,27.78,133.84,447.95,485.57,147.46,vm-20
1753848283,27.8,41.29,490.77,484.33,203.23,917.3,vm-2
1753848223,36.39,24.35,88.69,168.33,158.15,713.53,vm-49
1753848163,63.9,46.12,170.9,102.68,775.22,232.92,vm-9
1753848103,80.19,23.72,427.42,101.52,236.4,362.2,vm-18
1753848043,68.33,62.47,162.29,4.64,702.43,260.42,vm-12
1753847983,46.86,31.54,360.55,142.58,547.99,116.36,vm-47
1753847923,54.96,84.97,140.08,426.4,455.17,47.44,vm-32
1753847863,58.03,55.79,70.27,349.27,760.24,127.99,vm-13
1753847803,18.48,26.37,429.67,490.24,600.64,206.56,vm-11
1753847743,44.95,23.75,388.17,198.98,422.58,56.54,vm-17
1753847683,41.76,28.26,166.44,484.9,50.86,392.12,vm-18
1753847623,67.37,50,148.98,13.48,156.41,467.77,vm-24
1753847563,76.3,44.31,72.62,385.38,208.47,952.07,vm-44
1753847503,85.13,52.12,339.62,159.2,167.02,745.5,vm-18
1753847443,56.99,59.23,427.75,336.54,590.93,327.18,vm-9
1753847383,12.78,31.16,370.55,34.2,423.84,15.14,vm-33
1753847323,35.11,36.41,67.38,214.21,286.52,472.85,vm-8
1753847263,58.54,53.38,266.9,416.62,657.61,891.21,vm-4
1753847203,78.39,83.86,173.98,152.22,655.65,347.93,vm-18
1753847143,58.16,73.4,300.6,78.59,284,497.75,vm-10
1753847083,45.7,28.18,148.2,363.78,942.71,743.67,vm-23
1753847023,32.69,81.41,162.63,448.61,402.17,950.82,vm-20
1753846963,21.59,51.04,203.59,429.36,663.74,614.43,vm-32
1753846903,25.21,63.68,344.45,489.18,613.75,892.15,vm-20
1753846843,75.61,26.59,339.05,374.25,556.2,488.84,vm-14
1753846783,91.59,60.81,497.26,220.85,982.52,217.85,vm-4
1753846723,91.56,50.28,173.91,14.99,566.66,162.59,vm-44
1753846663,24.52,45.55,183.08,161.09,125.57,780.06,vm-24
1753846603,73.35,46.93,302.59,64.63,384.7,944.21,vm-27
1753846543,9.69,51.37,107.29,130.36,432.76,461.17,vm-24
1753846483,61.11,16.58,131.47,109.79,525.68,745.81,vm-48
1753846423,71.51,15.99,133.58,421.79,547.97,570.52,vm-14
1753846363,18.63,79.6,406.92,486.78,687.17,207.07,vm-42
1753846303,74.72,45.23,405.97,91.36,417.05,283.16,vm-15
1753846243,85.9,44.19,342.82,350.4,68.09,334.72,vm-3
1753846183,5.99,33.4,310.84,369.97,267.44,469.98,vm-46
1753846123,55.21,21.55,28.34,303.15,928.84,880.44,vm-9
1753846063,54.94,88.56,446.02,369.43,422.46,291.86,vm-49
1753846003,58.77,78.69,93.79,128.51,431.09,292.48,vm-1
1753845943,67.19,19.06,354.3,212.57,617.43,357.62,vm-50
1753845883,8.51,20.17,269,190.98,507.6,158.52,vm-49
1753845823,83.52,19.44,350.59,316.05,570.31,414.98,vm-26
1753845763,51.63,72.77,233.62,223.17,154.63,539.72,vm-46
1753845703,15.99,37.57,331.5,299.05,807.21,81.35,vm-8
1753845643,84.47,89.51,67.09,107,985.01,322.26,vm-18
1753845583,17.92,66.94,499.27,338.18,30.38,660.68,vm-37
1753845523,70.45,83.16,104.62,15.72,337.78,577.76,vm-43
1753845463,41.77,30.1,356.7,48.84,979.58,315.48,vm-28
1753845403,59.3,38.21,476.3,360.06,516.16,544.91,vm-19
1753845343,94.15,12.24,360.98,87.19,624.21,762.92,vm-5
1753845283,27.34,25.01,89.2,278.3,464.27,94.66,vm-3
1753845223,81.05,62.02,373.03,138.31,616.75,368.85,vm-45
1753845163,36.67,63.07,486.07,434.07,467.59,777.62,vm-10
1753845103,68.42,34.46,312.64,218.08,865.77,653.73,vm-19
1753845043,34.73,12.81,195.51,381.87,358.13,691.38,vm-20
1753844983,43.69,48.96,462.16,389.56,562.55,451.38,vm-50
1753844923,57.18,47.46,236.14,456.99,311.23,146.4,vm-3
1753844863,48.12,45.32,357.93,50.53,391.34,626.17,vm-20
1753844803,47.28,59.06,14.75,433.85,63.57,405.53,vm-26
1753844743,55.51,74.82,179.45,434.44,783.85,328.36,vm-34
1753844683,33.73,39.4,209.49,103.3,616.83,865.8,vm-12
1753844623,78.04,65.78,269.64,365.08,362.11,94.47,vm-9
1753844563,87.57,40.81,37.51,76.11,31.92,525.77,vm-25
1753844503,5.07,18.09,317.88,111.07,283.22,679.12,vm-1
1753844443,16.35,19.09,364.19,237.26,752.2,313.61,vm-48
1753844383,41.8,32.93,145.61,176.38,799.9,72.03,vm-2
1753844323,35.27,25.29,440.11,154.08,474.34,817.56,vm-22
1753844263,81.48,22.21,391.09,373.35,648.59,944,vm-24
1753844203,39.47,30.99,496.99,363.47,798.58,381.26,vm-34
1753844143,82.43,60.09,36.95,380.82,483.12,213.48,vm-20
1753844083,36.98,83.55,28.73,235.19,506.67,512.65,vm-7
1753844023,84.45,43.57,455.1,357.88,281.2,227.48,vm-24
1753843963,81.62,11.35,336.64,136.47,162.51,129.1,vm-25
1753843903,35.18,48.77,348.39,20.5,645.67,893.71,vm-3
1753843843,55.32,49.32,187.55,161.72,279.55,610.77,vm-44
1753843783,48.36,71.14,144.86,27.37,440.04,352.9,vm-12
1753843723,54.18,16.65,222.97,409.11,880.55,245.4,vm-31
1753843663,11.58,20.77,445.68,478.6,7.41,731.76,vm-10
1753843603,93.13,20.3,364.3,251.58,37.87,957.11,vm-2
1753843543,65.93,31.92,91.94,182.94,499.92,578.9,vm-7
1753843483,70.82,54.1,450.91,408.45,772.6,288.71,vm-25
1753843423,46.68,22.76,227.44,252.2,681.65,613.28,vm-50
1753843363,7.91,80.92,318.93,159.88,458.34,246.3,vm-27
1753843303,38.22,60.49,401.88,453.81,541.8,821.75,vm-39
1753843243,21.52,37.92,348.89,405.29,894.36,30.96,vm-11
1753843183,81.69,79.19,112.73,365.21,615.57,919.34,vm-20
1753843123,94.74,79.43,251.76,309.33,221.12,932.84,vm-15
1753843063,32.6,29.6,65.06,414.07,264.81,89.62,vm-34
1753843003,44.31,78.27,193.03,396.95,378.18,834.32,vm-33
1753842943,17.25,47.95,497.34,104.26,594.01,207.47,vm-30
1753842883,93.51,27.1,70.67,182.22,411.55,949.99,vm-43
1753842823,40.62,58.22,385.66,12.8,382.7,644.42,vm-30
1753842763,29.96,24.98,466.52,31.84,423.79,603.03,vm-3
1753842703,10.62,40.72,369.9,388.85,925.71,689.12,vm-19
1753842643,42.77,73.99,487.77,207.43,568.63,276.85,vm-3
1753842583,27.6,69.49,302.49,141.38,609.46,506.5,vm-8
1753842523,52.92,27.16,324.69,473.63,241.81,635.05,vm-20
1753842463,50.24,49.72,455.95,155.17,360.56,468.15,vm-44
1753842403,35.66,15.27,119.52,260.42,756.58,258.99,vm-6
1753842343,65.62,39.17,245.66,457.48,988.59,155.55,vm-3
1753842283,39.36,89.91,412.02,480.99,12.6,984.52,vm-19
1753842223,37.77,18.59,157.59,164.56,18.48,133.72,vm-7
1753842163,18.94,31.51,215.01,81.16,651.35,983.75,vm-2
1753842103,86.45,18.14,339.69,126.24,621.95,515.35,vm-11
1753842043,20.93,10.61,464.91,460.71,716.62,89.75,vm-49
1753841983,87.64,20.62,384.1,124.82,53.07,440.4,vm-13
1753841923,91.63,15.4,467.67,143.39,140.27,509.58,vm-22
1753841863,78.24,13.41,239.64,281.12,30.33,720.39,vm-17
1753841803,92.03,56.26,469.88,474.92,211.56,739.36,vm-27
1753841743,36.88,79.05,402.95,21.81,87.4,536.13,vm-34
1753841683,43.71,13.45,301.94,59.6,468.17,414.57,vm-37
1753841623,5.95,13.69,488.03,53.59,334.95,556.24,vm-40
1753841563,76.89,69.97,124.24,181.18,93.91,509.85,vm-35
1753841503,39.83,66,56.44,50.97,897.3,685.87,vm-40
1753841443,26.71,82.4,126.06,6.48,728.52,301.8,vm-32
1753841383,37.56,43.18,178.77,95.06,280.46,583.93,vm-14
1753841323,87.97,19.98,18.49,494.16,916.59,660.07,vm-38
1753841263,83.05,86.01,198.57,174.81,396.74,665.83,vm-20
1753841203,31.74,69.19,479.47,206.93,339.93,951.24,vm-47
1753841143,92.44,79.06,364.6,329.9,842.23,976.97,vm-9
1753841083,38.27,87.74,102.52,186.09,539.62,464.8,vm-29
1753841023,69.68,28.18,144.9,388.9,150.43,967.54,vm-49
1753840963,81.32,26.02,313.36,253.88,781.82,723.08,vm-10
1753840903,88.73,18.63,212.66,422.43,976.38,609.16,vm-36
1753840843,11.76,65.11,209.03,283.32,180.18,651.31,vm-42
1753840783,30.83,29.1,52.76,445.89,518.57,164.67,vm-7
1753840723,16.15,62.44,72.49,246.12,926.41,478.97,vm-50
1753840663,75.69,72.8,64.95,345.24,86.83,597.19,vm-25
1753840603,6.16,46.47,238.36,173.6,603.95,502.09,vm-28
1753840543,35.4,86.48,304.66,486.88,902.88,940.43,vm-41
1753840483,62.11,23.42,428.71,54.71,459.21,955.78,vm-42
1753840423,64.28,67.22,117.76,406.48,268.44,288.29,vm-25
1753840363,32.95,66.79,199.66,104.96,773.96,611.3,vm-23
1753840303,70.9,44.43,245.56,290.51,99.79,788.72,vm-26
1753840243,81.81,36.92,314.43,335.74,147.51,510.25,vm-48
1753840183,81.44,26.54,423.7,421.14,159.38,129.2,vm-2
1753840123,9.53,72.69,31.17,332.27,35.59,832.79,vm-50
1753840063,91.15,44.4,421.5,191.2,676.5,965.5,vm-36
1753840003,14.94,16.33,202.82,333.47,275.24,314.17,vm-6
1753839943,47.24,33.26,158.64,213.75,696.66,80.7,vm-50
1753839883,53.97,87.14,9.22,321.3,255.76,200.53,vm-11
1753839823,87.79,60.12,465.16,7.36,451.87,324.85,vm-3
1753839763,31.43,73.52,11.41,86.57,237.45,431.42,vm-19
1753839703,37.78,51.35,438.41,114.51,483.49,714.95,vm-5
1753839643,64.01,78.66,225.92,378.92,970.63,282.29,vm-5
1753839583,83.78,61.92,248.96,389.43,910.7,476.56,vm-9
1753839523,71.63,75.19,59.12,17.84,712.91,764.36,vm-49
1753839463,28.64,82.05,8.87,218.81,380.66,855.68,vm-9
1753839403,63.06,39.15,30.9,215.39,366.38,958.36,vm-36
1753839343,70.49,68.58,58.45,113.86,956.23,842.87,vm-33
1753839283,26.07,62.62,488.1,25.2,18.73,463.2,vm-36
1753839223,70.22,37.43,366.44,198.99,330.92,957.08,vm-1
1753839163,7.81,67.87,200.14,47.05,416.44,647.52,vm-42
1753839103,28.4,66.79,78.68,107.31,790.03,56.96,vm-27
1753839043,46.13,63.9,179.48,352.5,731.71,991.45,vm-17
1753838983,49.59,80.92,38.12,445.84,365.22,213.62,vm-41
1753838923,20,13.15,350.34,309.93,159.16,566.86,vm-21
1753838863,91.45,56.01,328.55,155.32,739.22,960.75,vm-18
1753838803,92.77,54.05,219.02,113.39,750.52,29.37,vm-35
1753838743,28.02,88.69,421.52,72.77,123.2,660.07,vm-20
1753838683,10.86,69.49,59.73,155.17,236.45,659.68,vm-4
1753838623,10.3,53.33,449.14,410.1,495.86,511.65,vm-14
1753838563,82.41,21.43,255.96,228.17,849.84,633,vm-13
1753838503,57.92,18.99,72.41,448.15,333.92,536.01,vm-37
1753838443,83.96,49.35,98.92,137.1,175.61,471.54,vm-50
1753838383,91.34,21.71,342.25,158.07,964.14,917.14,vm-48
1753838323,89.26,70.6,261.8,119.01,98.3,666.77,vm-34
1753838263,36.67,21.95,484.6,263.28,334.02,879.32,vm-7
1753838203,74.05,54.89,400.62,132.56,982.24,340.12,vm-9
1753838143,11.04,18.37,344.61,76.37,740.39,167.01,vm-7
1753838083,33.71,78.46,455.04,200.72,310.14,803.61,vm-3
1753838023,36.85,33.15,321.41,324.47,177.01,777.73,vm-23
1753837963,44,10.86,62.38,190.42,546.11,349.97,vm-27
1753837903,81.74,43.06,147.62,372.19,930.92,768.73,vm-9
1753837843,52.19,63.83,9.96,350.74,21.14,272.23,vm-25
1753837783,77.83,60.24,431.36,392.66,914.33,161.37,vm-23
1753837723,9.14,12.12,472.37,498.22,173.34,380.51,vm-6
1753837663,24.42,22.95,457.01,383.99,952.64,338.43,vm-13
1753837603,45.4,13.3,186.61,58.09,578.1,780.73,vm-30
1753837543,12.7,81.44,201.65,414.9,675.12,371.54,vm-2
1753837483,42.64,61.17,68.32,439.75,425.73,522.88,vm-6
1753837423,32.94,50.19,393.81,293.59,31.69,467.2,vm-37
1753837363,18.61,56.87,183.5,53.98,548.12,361.16,vm-37
1753837303,69.95,49.51,293.47,444.73,281.12,591.3,vm-21
1753837243,36.61,28.07,333.87,419.1,734.6,13.48,vm-36
1753837183,74.6,41.86,312.3,396.45,757.36,222.09,vm-27
1753837123,91.62,53.56,66.32,124.98,439.53,839.28,vm-43
1753837063,39.17,65.24,351.39,15.19,381.54,892.49,vm-19
1753837003,15.55,24.51,156.03,353.44,132.6,159.55,vm-23
1753836943,8.78,24.74,77.57,497.17,532.85,830.97,vm-17
1753836883,16.81,47.65,483.98,484.1,97.81,740.44,vm-30
1753836823,68.53,45.8,141.53,59.22,61.16,129.87,vm-47
1753836763,63.29,41.3,325.6,31.49,538.25,799.26,vm-6
1753836703,86.71,43.01,368.97,407.72,350.66,716.35,vm-46
1753836643,31.57,29.11,103.07,168.98,935.28,220.37,vm-17
1753836583,64.99,18.43,495.97,289.68,806.76,204.55,vm-25
1753836523,69.96,51.46,62.98,478.53,835.35,110.73,vm-5
1753836463,58.28,12.52,45.08,474.93,905.48,184.85,vm-3
1753836403,70.01,65.71,76.45,226.92,387.24,766.45,vm-31
1753836343,38.55,33.79,92.17,239.86,958.73,917.38,vm-33
1753836283,59.66,56.78,244.3,119.89,113.84,681.94,vm-2
1753836223,10.58,52.95,268.86,11.79,127.95,541.23,vm-47
1753836163,48.03,77.26,249.43,130.39,155.38,690.38,vm-45
1753836103,41.09,79.62,94.3,170.14,161.18,551.9,vm-24
1753836043,73.66,18.56,471.62,282.36,533.56,205.59,vm-15
1753835983,18.78,89.69,94.79,18.15,980.54,565.61,vm-26
1753835923,10.57,10.5,122.1,59.29,520.09,527.79,vm-3
1753835863,52.86,14.18,147.52,199.83,231.07,336.25,vm-40
1753835803,34.81,84.21,329.53,328.69,633.84,67.74,vm-45
1753835743,12.22,88.15,327.57,63.64,643.91,835.13,vm-30
1753835683,8.12,69.77,16.12,90.24,789.16,114.18,vm-46
1753835623,35.5,42.27,271.63,188.65,727.38,983.31,vm-46
1753835563,15.88,22.78,166.43,300.36,991.25,337.6,vm-48
1753835503,26.63,88.26,70.18,220.99,703.09,383.8,vm-4
1753835443,21.77,52.42,415.83,190.76,453.03,692.27,vm-43
1753835383,22.7,71.22,27.77,201.83,49.79,685.17,vm-8
1753835323,25.31,21.12,463.34,106.07,818.53,249.94,vm-38
1753835263,44.85,43.91,146.19,375.61,522.28,815.29,vm-48
1753835203,76.22,48.22,114.6,131.1,821.26,52.48,vm-16
1753835143,29.53,87.62,141.36,498.88,490.53,359.53,vm-5
1753835083,48.15,56.97,219.55,331.96,692.01,186.42,vm-25
1753835023,51.48,30.35,79.94,27.15,659.41,562.79,vm-6
1753834963,85.16,87.74,369.82,498.23,199.48,119.93,vm-35
1753834903,6.62,20.2,28.46,468.5,144.74,702.98,vm-28
1753834843,16,20.14,494.99,90.44,757.95,54.52,vm-36
1753834783,18.28,24.96,254.39,108.48,140.35,177.55,vm-26
1753834723,81.42,45.48,287.56,100.45,66.88,273.98,vm-30
1753834663,83.48,31.43,383.48,397.26,690.49,786.75,vm-48
1753834603,68.05,45.15,246.55,306.86,286.65,846.83,vm-21
1753834543,39.15,42.12,352.92,289.68,670.41,451.64,vm-32
1753834483,49.2,45.13,229.22,439.64,306.51,669.02,vm-13
1753834423,80.09,15.1,411.74,400.68,860.42,248.35,vm-50
1753834363,56.13,76.27,388.54,15.56,999.44,690.81,vm-42
1753834303,26.26,19.32,116.61,6.02,805.94,660.96,vm-32
1753834243,22.1,36.42,95.71,424.75,244.9,919.83,vm-18
1753834183,23.89,14.42,169.8,210.47,621.4,38.71,vm-33
1753834123,31.41,23.57,67.43,32.58,919.34,145.2,vm-47
1753834063,32.12,22.66,286.11,6.95,351.14,245.29,vm-25
1753834003,54.04,26.04,153.64,199.45,546.59,174.77,vm-19
1753833943,54.05,54.56,383.31,337.81,64.04,939.23,vm-21
1753833883,51.05,75.39,419.05,312.21,838.96,276.04,vm-16
1753833823,29.06,52.42,73.84,115.31,442.03,800.98,vm-33
1753833763,44.87,70.18,227.41,8.71,420.04,115.42,vm-35
1753833703,66.06,76.26,434.73,288.5,156.32,303.45,vm-39
1753833643,35.5,26.72,471.67,259.26,155.65,386.76,vm-35
1753833583,50.72,26.13,100.8,411,581.81,135.22,vm-14
1753833523,7.26,72.43,445.1,422.47,166.43,437.37,vm-44
1753833463,61.55,10.95,94.65,427.77,586.62,999.62,vm-35
1753833403,86.6,87.56,189.62,26.02,458.92,993.51,vm-48
1753833343,51.67,41.51,253.67,463.34,165.06,202.64,vm-8
1753833283,29.27,43.33,435.62,262.45,712.89,762.05,vm-19
1753833223,39.37,31.82,116.61,476.24,575.26,508.2,vm-17
1753833163,68.44,32.71,302.89,488.52,409.03,714.32,vm-11
1753833103,81.53,83.68,105.71,229.3,184.96,938.64,vm-9
1753833043,93.02,10.9,284.91,426.1,373.12,978.43,vm-3
1753832983,53.23,82.08,339.05,48.44,988.11,359.4,vm-39
1753832923,41.4,14.22,210.27,289.03,285.3,210.74,vm-49
1753832863,35.62,73.41,343.6,306.27,247.02,261.84,vm-39
1753832803,54.48,29.3,234.34,339.33,184.26,130.75,vm-37
1753832743,33.47,82.85,358.28,374.51,774.31,549.74,vm-19
1753832683,13.87,76.8,296.99,247.3,954.89,228.57,vm-41
1753832623,44.03,87.6,270.15,225.09,74.71,604.45,vm-12
1753832563,70,37.61,254.78,52.36,896.48,440.07,vm-49
1753832503,68.17,82.68,440.1,431.81,245.16,837.04,vm-5
1753832443,53.73,86.27,243.9,106.88,618.9,291.89,vm-20
1753832383,48.64,12.65,152.41,341.32,475.44,224.94,vm-33
1753832323,42.33,10.94,264.87,248.49,935.69,701.46,vm-43
1753832263,69.67,43.87,397.18,138.4,9.5,442.29,vm-28
1753832203,72.58,51.63,299.89,287.71,992,131.31,vm-15
1753832143,87.44,28.08,20.97,254.44,242.44,735.27,vm-3
1753832083,23.36,49.83,430.03,98.09,776.46,464.22,vm-42
1753832023,76.88,51.21,257.18,458.56,721.48,219.36,vm-36
1753831963,26.81,17.28,146.9,167.96,588.95,558.61,vm-16
1753831903,90.27,46.44,354.57,442.69,522.4,65.6,vm-1
1753831843,80.84,71.78,384.28,112.05,674.48,534.03,vm-44
1753831783,34.28,27.81,287.66,361.59,413.04,323.05,vm-9
1753831723,89.14,38.33,235.27,131.22,575.51,579.62,vm-5
1753831663,22.26,14.35,33.92,173.42,598.07,943.91,vm-16
1753831603,8.08,61.78,226.64,73.17,38.06,905.81,vm-24
1753831543,40.66,80.42,75.35,325.35,904.97,588.87,vm-41
1753831483,76.68,55.97,248.06,338.32,374.47,320.45,vm-4
1753831423,56.49,17.76,493.44,230.45,361.72,567.66,vm-15
1753831363,93.45,59.27,430.23,442.76,133.8,503.78,vm-8
1753831303,9.39,72.95,264.38,485.39,176.43,951.3,vm-22
1753831243,7.23,85.42,389.44,333.31,434.35,61.62,vm-4
1753831183,38.5,64.28,111.8,88.76,484.75,634.72,vm-23
1753831123,72.57,86.22,439.72,494.79,412.79,680.73,vm-14
1753831063,23.92,15.63,412.56,174.9,493.32,607.49,vm-11
1753831003,32.5,55.3,154.39,375.14,34.28,139.76,vm-32
1753830943,35,79.49,65,211.36,664.51,609.66,vm-42
1753830883,22.68,26.48,72.44,245.16,222.11,610.04,vm-24
